epoch,train_loss,val_loss,val_log_mse_total,lr,train_Read Latency (ns),val_Read Latency (ns),val_log_mse_Read Latency (ns),train_Write Energy (nJ),val_Write Energy (nJ),val_log_mse_Write Energy (nJ),train_Area (mm^2),val_Area (mm^2),val_log_mse_Area (mm^2),train_Leakage (mW),val_Leakage (mW),val_log_mse_Leakage (mW)
1,0.12016345773927273,0.043501947206390036,0.36601972579956055,0.0002,0.08715984,0.024780694,0.050365206,0.11314747,0.05433406,0.11370779,0.1122554,0.029577356,0.059826326,0.1680911,0.06531568,0.1421204
2,0.030338998509245266,0.01985901625000977,0.1609390676021576,0.0004,0.027660443,0.017750649,0.035903525,0.0353446,0.027088474,0.055440348,0.0231832,0.009949904,0.019922001,0.035167757,0.024647038,0.049673196
3,0.018090859949570152,0.01859611098144625,0.15036582946777344,0.0006,0.01836624,0.0150473155,0.030337455,0.02229454,0.021584645,0.044119008,0.012659108,0.016026422,0.032137267,0.019043546,0.021726059,0.0437721
4,0.01371554867331292,0.012102794059523352,0.09758086502552032,0.0008,0.014682474,0.014492593,0.029201176,0.017641228,0.014050174,0.02863063,0.009348686,0.005837237,0.01168223,0.013189809,0.014031173,0.02806683
5,0.01189896100339346,0.008610798081232085,0.06917417049407959,0.001,0.013115829,0.009608047,0.019339789,0.015326599,0.011072691,0.022308387,0.008379069,0.004143314,0.008287713,0.010774353,0.009619141,0.019238282
6,0.009486672232841725,0.008634439073652179,0.06958625465631485,0.001,0.011052712,0.009174825,0.018440591,0.013465628,0.011555719,0.023520363,0.0057329866,0.0047859764,0.009577687,0.0076953643,0.0090212375,0.018047614
7,0.008691385096220031,0.008864431211480627,0.071800097823143,0.000999971647483124,0.010286936,0.008638942,0.017405659,0.012304999,0.014431886,0.029619189,0.005183822,0.0037289495,0.0074593667,0.006989785,0.008657945,0.01731589
8,0.007839402908624827,0.006522742317461813,0.052537497133016586,0.0009998865931479571,0.009818438,0.007855936,0.015831668,0.011554471,0.009988552,0.020210566,0.0045019137,0.0036316528,0.00726558,0.0054827905,0.0046148268,0.009229682
9,0.0071219477530020826,0.00596013168549842,0.048316046595573425,0.000999744846640517,0.008776105,0.0071551516,0.014423154,0.010948657,0.009555668,0.019632204,0.0039048528,0.0027534745,0.0055082226,0.004858176,0.004376232,0.008752465
10,0.006694183145170044,0.006454289012082347,0.05226008594036102,0.0009995464240362846,0.008300999,0.008154777,0.016444674,0.010351869,0.009386301,0.019262426,0.0037075917,0.0029998287,0.006000484,0.004416273,0.005276249,0.010552498
11,0.0064768625817561605,0.00659546731860266,0.05346004292368889,0.000999291347838381,0.008074227,0.0066496283,0.013414038,0.010127992,0.010439735,0.0214578,0.003508781,0.004374581,0.008752343,0.0041964515,0.0049179266,0.009835862
12,0.006218482427524374,0.005941809702839878,0.04811912775039673,0.000998979646975015,0.007642298,0.007109807,0.014335698,0.009779104,0.009756182,0.019980479,0.0034256545,0.0026579597,0.005316365,0.0040268707,0.0042432887,0.008486586
13,0.005793997519641999,0.005938217380420641,0.04817027598619461,0.0009986113567962026,0.007387303,0.0065007727,0.013102449,0.009419853,0.009822835,0.02020749,0.0030301062,0.0030199694,0.0060414216,0.0033387318,0.0044092922,0.008818911
14,0.005636542147089952,0.004966756968187528,0.04029295593500137,0.0009981865190697577,0.007166319,0.0063386536,0.012820726,0.009238441,0.008564486,0.017544294,0.0029256407,0.002457456,0.004915072,0.0032157686,0.0025064321,0.0050128642
15,0.005458159516337938,0.005538766072397386,0.044980503618717194,0.0009977051819765558,0.0069051175,0.006621262,0.013339693,0.009254804,0.009702425,0.019978015,0.0028435492,0.0021258807,0.004251804,0.002829168,0.0037054964,0.007410993
16,0.00545233875454178,0.005198002085499876,0.04190745949745178,0.0009971674001050686,0.0070444937,0.006340522,0.012857286,0.008915544,0.009145845,0.018438753,0.0027525295,0.002276455,0.0045530503,0.003096787,0.0030291867,0.0060583735
17,0.005286017774130859,0.0051267404160513595,0.04152189567685127,0.000996573234445175,0.006701049,0.008186614,0.01661596,0.008919852,0.0077417595,0.015748711,0.002713849,0.0021963944,0.0043928344,0.002809325,0.0023821949,0.0047643897
18,0.005053088863816407,0.00538399338916138,0.04360567405819893,0.0009959227523812424,0.006526956,0.0070695733,0.014245375,0.008625962,0.0078933295,0.016214157,0.002544094,0.0022900233,0.0045800465,0.0025153446,0.004283048,0.008566096
19,0.004972347309653434,0.006080289195674855,0.04899337887763977,0.0009952160276844855,0.0064088926,0.006311794,0.012767879,0.008438019,0.007975959,0.016158694,0.0025204986,0.0040147407,0.008029481,0.0025219768,0.006018662,0.012037324
20,0.004956482316534596,0.004382372973067266,0.03550638258457184,0.0009944531405046,0.0063883965,0.005697693,0.011534024,0.0084594935,0.007702511,0.015713545,0.0024610066,0.0019219732,0.0038441846,0.0025170352,0.0022073144,0.0044146287
21,0.0047484164189539385,0.004573570117839165,0.03696918487548828,0.0009936341773606723,0.0061632707,0.005982578,0.012160286,0.008277948,0.007791664,0.015768215,0.0022848516,0.0019422752,0.0038851588,0.0022675984,0.0025777633,0.0051555266
22,0.004740747807990006,0.004675303600929879,0.03776487708091736,0.000992759231131368,0.0061812564,0.00562061,0.0113817025,0.00826468,0.008831381,0.017884677,0.002286605,0.0018672979,0.0037346454,0.0022304517,0.0023819257,0.0047638514
23,0.004570578475230289,0.004362663455042723,0.03553677722811699,0.0009918284010443981,0.0060730623,0.0053441664,0.010805983,0.008089111,0.0077140555,0.015945226,0.0021345273,0.0018650716,0.0037308468,0.001985615,0.0025273606,0.005054721
24,0.00452961928245258,0.004456602969767155,0.03604870289564133,0.0009908417926652654,0.0059636086,0.0055503543,0.011240208,0.007967886,0.0075894743,0.015435213,0.0021849577,0.002463407,0.004926933,0.0020020234,0.0022231757,0.0044463514
25,0.0045884866516307556,0.004800256405462016,0.038774263113737106,0.0009897995178852926,0.006000842,0.0054956283,0.011123887,0.0080174105,0.008828247,0.017896077,0.002211632,0.0023990583,0.0047981166,0.0021240623,0.0024780908,0.0049561816
26,0.004494142762554439,0.004370712997061802,0.03537619486451149,0.0009887016949089334,0.0059086876,0.006951382,0.014027597,0.008059023,0.0072758887,0.014837426,0.0020896667,0.001770666,0.003541339,0.0019191956,0.0014849157,0.0029698315
27,0.004386056930319344,0.004591427171123666,0.03744451701641083,0.0009875484482403652,0.0059075197,0.005349229,0.010877144,0.007800837,0.007750421,0.01602972,0.0020196575,0.0029107567,0.005826976,0.0018162152,0.0023553025,0.00471068
28,0.004410312085931241,0.0040136224719825335,0.03268968313932419,0.0009863399086693708,0.005701911,0.005183281,0.01053001,0.0077284775,0.0072906706,0.014998597,0.0020769248,0.0020002287,0.0040004575,0.0021339355,0.0015803099,0.0031606199
29,0.004237423492836503,0.004376178409240476,0.036054614931344986,0.0009850762132565043,0.005685367,0.0054074684,0.011027147,0.007579704,0.00857206,0.017975822,0.0019752642,0.0017917207,0.0035847183,0.0017093585,0.0017334651,0.0034669302
30,0.004181124284407646,0.004510929240650303,0.036953460425138474,0.0009837575053175478,0.005626137,0.0051864428,0.010520609,0.0075449334,0.009086579,0.018891206,0.0019193926,0.0017693206,0.0035388917,0.001634034,0.0020013761,0.0040027522
31,0.004327693687377777,0.004206544880916526,0.03402949497103691,0.000982383934407258,0.0056757582,0.0054112617,0.01094079,0.0076586786,0.007784763,0.015828129,0.0020778074,0.0017331243,0.003466515,0.0018985325,0.0018970309,0.0037940617
32,0.004180791850287108,0.004509273786526602,0.03665477782487869,0.0009809556563024043,0.005587253,0.0053735483,0.010872412,0.00756373,0.009560815,0.019576458,0.0018827866,0.0017107805,0.0034220088,0.0016893982,0.0013919513,0.0027839027
33,0.004127060105623029,0.004313570640242852,0.03493616729974747,0.0009794728329841028,0.005491523,0.005330681,0.010825584,0.0075533595,0.0070243524,0.014311668,0.0018721035,0.0019965565,0.0039935284,0.0015912551,0.0029026936,0.005805387
34,0.00410034205050297,0.0039961403136974105,0.03241533041000366,0.0009779356326194465,0.005485839,0.0051709474,0.010488171,0.007509264,0.0070727975,0.014443313,0.0018480751,0.0023650525,0.0047323196,0.0015581909,0.001375764,0.002751528
35,0.0040137418288886065,0.004143398808030127,0.03355849161744118,0.0009763442295424323,0.005453225,0.00498361,0.010108412,0.0073158746,0.007302841,0.014874904,0.0017963512,0.0014891457,0.0029791782,0.001489517,0.002797999,0.005595998
36,0.004044637068246599,0.003869464582538939,0.03146693482995033,0.0009746988042341906,0.005508814,0.0050356165,0.010215528,0.007348851,0.0071312464,0.014628609,0.0017951324,0.0015271297,0.003055064,0.0015257539,0.001783867,0.003567734
37,0.004041791082210974,0.004459473184562541,0.03645697981119156,0.0009729995433025168,0.00539875,0.005212133,0.010582068,0.0073411455,0.009854609,0.020331694,0.0018265949,0.0015847218,0.00317036,0.0016006735,0.0011864286,0.0023728572
38,0.003972489000660671,0.003958787830514802,0.03202366828918457,0.0009712466394607078,0.0053595775,0.0050450056,0.010211524,0.0072838147,0.0076244567,0.015480523,0.0017598097,0.0015515508,0.0031033463,0.0014867513,0.0016141384,0.0032282767
39,0.003890910980378616,0.003752562568827837,0.030579527840018272,0.0009694402915057065,0.0052507888,0.0052199536,0.010609743,0.0072089806,0.007022413,0.014433693,0.0017122448,0.0014735189,0.0029473628,0.0013916302,0.001294365,0.00258873
40,0.0039871564280805575,0.003951207219946522,0.031976789236068726,0.0009675807042955567,0.005349074,0.0053387177,0.010806484,0.007157904,0.007367616,0.0149696525,0.0017953482,0.0018512894,0.0037061602,0.0016462975,0.0012472055,0.0024944933
41,0.004140645919251037,0.0038840793891697077,0.031456027179956436,0.0009656680887261692,0.0053574583,0.004924847,0.009965355,0.0073904213,0.0070159775,0.014299677,0.0019452114,0.0017588105,0.003517627,0.0018694923,0.0018366834,0.0036733667
42,0.0039310137368843414,0.004089355491497018,0.03335712477564812,0.000963702661707405,0.005345636,0.0053923833,0.010882005,0.007169809,0.0075637056,0.015672453,0.0017230314,0.0014162844,0.0028325687,0.001485579,0.0019850486,0.0039700973
43,0.003830810883459006,0.003998985509942841,0.032359302043914795,0.0009616846461384747,0.0051814043,0.0048414227,0.009811356,0.007166615,0.0075478065,0.015334417,0.001679435,0.0017206072,0.0034413198,0.0012957872,0.0018861049,0.0037722099
44,0.0038183373108891723,0.0037739415335151048,0.030646584928035736,0.0009596142708826604,0.005232235,0.0049827877,0.0100962585,0.0070915194,0.007241806,0.014807494,0.0016372444,0.0015214275,0.0030433445,0.0013123523,0.0013497449,0.0026994897
45,0.00378860796846793,0.004403508283026345,0.03582698479294777,0.0009574917707413596,0.0052702357,0.005842642,0.011785456,0.0069997003,0.0073726247,0.015243995,0.0016160082,0.0023661037,0.0047322074,0.0012684874,0.002032663,0.004065326
46,0.003743588909043057,0.004014936127178781,0.032721757888793945,0.0009553173864274567,0.0051220413,0.004894365,0.009908461,0.0069898125,0.008041246,0.016564446,0.0016118343,0.0015033989,0.0030073829,0.0012506688,0.0016207341,0.0032414682
47,0.0037583438156470854,0.003872296873021412,0.03148265555500984,0.0009530913645380232,0.0050619156,0.0048096566,0.009726076,0.0070158932,0.0075276485,0.015452715,0.0016179103,0.001469598,0.0029392971,0.0013376572,0.0016822838,0.0033645676
48,0.0037819428716277187,0.004144859215425508,0.033876802772283554,0.0009508139575263522,0.005149449,0.005502861,0.011129047,0.0070118625,0.007842196,0.016278272,0.0016068481,0.0014971863,0.002995096,0.0013596107,0.001737194,0.003474388
49,0.003768754435917103,0.0035008795678268772,0.02851552702486515,0.0009484854236733265,0.0050894106,0.0047032684,0.009553461,0.006989256,0.0068581775,0.01407747,0.0016501871,0.0014968523,0.0029941536,0.0013461645,0.0009452206,0.0018904412
50,0.003759085631502962,0.0040196813351182905,0.03277890384197235,0.0009461060270581274,0.0050446675,0.0049089217,0.009952948,0.006924497,0.008375711,0.01723494,0.0016382182,0.0015403522,0.0030834586,0.001428962,0.0012537411,0.0025075574
51,0.003741130057674373,0.00392337255739235,0.032130006700754166,0.0009436760375282858,0.0050826543,0.0050332374,0.010264543,0.0069200066,0.007966584,0.016475825,0.0016319989,0.0014982446,0.002998739,0.00132986,0.0011954249,0.0023908997
52,0.0037064400907147734,0.003786969276329687,0.030816344544291496,0.0009411957306690783,0.0049391785,0.00493369,0.010015841,0.0070117875,0.007231461,0.014834078,0.0016221792,0.0015946815,0.003190338,0.0012526159,0.0013880442,0.0027760884
53,0.003731692216777307,0.0035366348922252653,0.02876412495970726,0.0009386653877722733,0.004955169,0.0046973955,0.009518694,0.006939103,0.0068023065,0.0139516685,0.0016713323,0.0014833006,0.0029666896,0.0013611647,0.001163537,0.002327074
54,0.003616916904586322,0.003772129395974798,0.03076557070016861,0.0009360852958042294,0.0049327486,0.004908403,0.009956634,0.0068498845,0.0070955264,0.014639737,0.0015183813,0.0017953123,0.0035906474,0.0011666546,0.0012892759,0.0025785519
55,0.0036021381404975805,0.003644152268724473,0.02971961349248886,0.0009334557473733511,0.004900996,0.004741608,0.009621568,0.0068230196,0.007312673,0.015052289,0.0015091761,0.0015205668,0.0030422274,0.0011753618,0.001001761,0.00200353
56,0.003667264742027829,0.003940227634373221,0.031927138566970825,0.000930777040696903,0.0049435976,0.0051322677,0.010384302,0.0068649766,0.0072693373,0.014823914,0.0016011321,0.0021286428,0.0042575947,0.0012593528,0.0012306634,0.0024613268
57,0.0036313951003483134,0.003581748799317413,0.02912769839167595,0.0009280494795671906,0.005007068,0.004657084,0.0094265165,0.006787354,0.006860507,0.014082266,0.001565877,0.001497087,0.0029942805,0.0011652804,0.0013123171,0.0026246342
58,0.0035608143412582914,0.003490909136779554,0.02836722508072853,0.0009252733733171055,0.004870728,0.004820113,0.009746522,0.006722282,0.0067939176,0.013921471,0.0015187023,0.0013851358,0.0027702912,0.0011315425,0.0009644701,0.0019289402
59,0.0035512303595066,0.003428026365425747,0.02778465859591961,0.0009224490367850448,0.004837398,0.004654653,0.009415903,0.006753346,0.00679295,0.013839531,0.0014871128,0.0014203081,0.002840834,0.0011270657,0.0008441946,0.0016883913
60,0.0035136799578058013,0.0036943845117130914,0.029971616342663765,0.0009195767902792054,0.004808006,0.004853476,0.009828852,0.0066773035,0.007067742,0.014429741,0.0014609216,0.0015653037,0.0031309908,0.0011084907,0.0012910167,0.0025820334
61,0.003545590378358027,0.003717358487688967,0.030157627537846565,0.0009166569595412575,0.0047832467,0.004680543,0.009460002,0.006678407,0.007025125,0.014369171,0.0015043694,0.0014314299,0.002863783,0.0012163387,0.0017323358,0.0034646716
62,0.003545816661894774,0.0035947591401039956,0.029188111424446106,0.0009136898757094021,0.004879291,0.004854387,0.00981356,0.0066549885,0.006802937,0.013929869,0.0014816036,0.0013094511,0.0026201173,0.0011673836,0.0014122613,0.002824566
63,0.0035232118325774268,0.003477307522130591,0.0281732976436615,0.0009106758752808169,0.0047852565,0.004818716,0.009736729,0.006710311,0.0068150396,0.0138848135,0.001500309,0.0013745074,0.0027497946,0.0010969717,0.0009009678,0.00180196
64,0.003505336778482159,0.003750875705873614,0.03047058917582035,0.0009076153000734937,0.004765298,0.005590682,0.011318778,0.006624686,0.0068780784,0.014080864,0.0014626374,0.001420042,0.0028414493,0.0011687266,0.0011147,0.002229498
65,0.0034450049471173427,0.003448884921834559,0.02817956730723381,0.0009045084971874737,0.0047387066,0.0047446466,0.009611827,0.0065766536,0.006857066,0.01417893,0.0014180063,0.0013100172,0.002621162,0.0010466545,0.0008838106,0.0017676468
66,0.003479615349819356,0.0036817670045131527,0.029897479340434074,0.0009013558189654818,0.0047351797,0.0049364828,0.01003017,0.0066372477,0.007166865,0.014618349,0.0014577697,0.0014827786,0.002967072,0.0010882643,0.0011409416,0.0022818875
67,0.0034721328222332855,0.0036199637867223183,0.029410099610686302,0.000898157622952968,0.00471801,0.004637428,0.009397166,0.0066811587,0.007029449,0.014384865,0.0014407713,0.0017881835,0.0035784247,0.0010485889,0.001024794,0.0020496459
68,0.003441735859152496,0.003973048141000567,0.03213682770729065,0.0008949142718575581,0.004671324,0.005889164,0.011891492,0.0066156425,0.007381019,0.014999214,0.0014229983,0.0015282414,0.0030585842,0.0010569784,0.0010937683,0.0021875366
69,0.003471953480380719,0.0037659007775316666,0.03059837594628334,0.0008916261335079183,0.004763034,0.00507542,0.010280779,0.0065988083,0.007527544,0.015396288,0.0014293749,0.001399765,0.0027995629,0.0010965974,0.0010608737,0.0021217475
70,0.003471814751903957,0.0036126041691657063,0.029454907402396202,0.0008882935808120413,0.00466266,0.0050158827,0.0101378895,0.0066162446,0.0070896237,0.01462565,0.0014612003,0.0013676073,0.0027367608,0.0011471553,0.0009773024,0.0019546074
71,0.0034417577384584746,0.003554388398847154,0.028964541852474213,0.0008849169917149531,0.004630874,0.004568806,0.00923232,0.0065248474,0.0067821927,0.013998714,0.0014663499,0.0013993375,0.0027990728,0.0011449578,0.0014672176,0.0029344351
72,0.003483627932162488,0.003402599446276003,0.027838628739118576,0.0008814967491558512,0.0046243398,0.0045764623,0.00926941,0.00649771,0.0068619875,0.014224396,0.0014794925,0.0013373456,0.0026756169,0.0013329695,0.0008346025,0.001669205
73,0.0033805012210333827,0.0034645984463908294,0.028104517608880997,0.000878033241024675,0.0046358677,0.0045639495,0.009215984,0.0064773033,0.006808732,0.013916452,0.0013945412,0.0012529241,0.0025065038,0.0010142963,0.0012327892,0.0024655785
74,0.0033804306050967633,0.0035343334202778648,0.028705749660730362,0.0008745268601181155,0.0045333835,0.0045991587,0.009303683,0.0065269102,0.006776043,0.013876389,0.0013909697,0.0013493043,0.0026999768,0.0010704602,0.0014128269,0.0028257011
75,0.003381713749422977,0.003496723812123811,0.02857332117855549,0.000870978004095068,0.004543615,0.004806181,0.009726497,0.006568769,0.0067240396,0.013933072,0.001380587,0.0012883429,0.0025770906,0.0010338845,0.0011683312,0.0023366623
76,0.0033478279503714446,0.0037051545413634233,0.03011127933859825,0.0008673870754315336,0.004552881,0.0051915916,0.010470118,0.0064864527,0.0071777403,0.014735275,0.0013603186,0.0015095992,0.0030221443,0.0009916596,0.0009416875,0.0018837424
77,0.0033972700596670053,0.0035114453296299216,0.028565138578414917,0.0008637544813749746,0.0046560406,0.0046545886,0.009445391,0.006520416,0.006763401,0.013863364,0.0013888121,0.0012541165,0.0025090328,0.0010238098,0.0013736752,0.0027473504
78,0.0032907156022762584,0.0034224797856879305,0.027710776776075363,0.0008600806338981279,0.004480127,0.0044810656,0.009077305,0.0064399275,0.0068713427,0.013956834,0.001306274,0.0013773396,0.0027559854,0.00093653274,0.00096017093,0.0019206541
79,0.0033122996040714776,0.003684216668200982,0.0299114640802145,0.0008563659496522842,0.004461787,0.0046285246,0.009392881,0.006429657,0.007870987,0.016040882,0.001361483,0.0013523215,0.0027072113,0.0009962718,0.00088503363,0.0017704885
80,0.0032947432773820745,0.0036378461729131037,0.029491394758224487,0.0008526108499200343,0.0044601937,0.0046938625,0.009554169,0.0064357524,0.0075275875,0.01527483,0.0013266867,0.001342018,0.0026865543,0.0009563394,0.0009879167,0.00197584
81,0.0033241215201846464,0.003466918298860898,0.028162460774183273,0.0008488157605674924,0.0045409687,0.0044100676,0.008934531,0.006440425,0.006774703,0.013860893,0.0013383465,0.0012650953,0.0025314202,0.0009767449,0.0014178078,0.0028356155
82,0.0033267946498578634,0.003497173253528856,0.028590038418769836,0.0008449811119959982,0.0045105726,0.0045386516,0.00919617,0.006369918,0.0067788493,0.014050959,0.0013779145,0.0012594508,0.0025194248,0.0010487711,0.0014117424,0.0028234848
83,0.003270281137952807,0.003523257968283526,0.028988901525735855,0.0008411073390933049,0.004430722,0.004605192,0.009321939,0.0063413894,0.0074329455,0.015553491,0.0013233486,0.0012667726,0.0025369483,0.0009856652,0.0007881208,0.0015765218
84,0.003278976291443218,0.0033356573393529244,0.027167612686753273,0.0008371948811842589,0.0044318517,0.004427288,0.00898212,0.0063974266,0.006836763,0.014027512,0.0013232068,0.0013235888,0.0026479939,0.0009634215,0.0007549891,0.001509987
85,0.0032406756796565296,0.0036591749094348324,0.029721247032284737,0.000833244181980976,0.0044076596,0.0045774747,0.009265663,0.006303281,0.0073009096,0.0149366725,0.0013240456,0.0016891491,0.0033804576,0.0009277161,0.001069165,0.0021384542
86,0.0032507125353607095,0.003593310799162548,0.02922791615128517,0.0008292556895325194,0.004359167,0.004592572,0.009318031,0.0063731447,0.0068780114,0.014100434,0.0013183504,0.0014483422,0.0028999257,0.0009521879,0.0014543169,0.002909524
87,0.0032513520169950563,0.0036105222589857466,0.029305536299943924,0.0008252298561740868,0.00438609,0.0051178057,0.010308436,0.0062987865,0.006657696,0.013663854,0.0013168425,0.0017712697,0.0035426088,0.0010036875,0.00089531735,0.0017906347
88,0.003247214754753084,0.0034720127944376793,0.028172651305794716,0.0008211671384757113,0.0044256602,0.004402636,0.008916876,0.006314909,0.0067723785,0.013829386,0.0012969831,0.0016770383,0.0033543913,0.0009513059,0.0010359987,0.0020719985
89,0.00323877663467647,0.0035335285484686388,0.028748340904712677,0.0008170679971904813,0.0043747867,0.0045651705,0.009258168,0.0063183806,0.0071500824,0.0146507565,0.0013100194,0.0012856049,0.002572904,0.0009519175,0.001133257,0.002266514
90,0.003251622528023529,0.003376204922638677,0.027665846049785614,0.0008129328972022866,0.004364335,0.004470362,0.009073102,0.0063719787,0.006852393,0.014226857,0.0013181007,0.001233746,0.0024692423,0.00095207576,0.0009483193,0.0018966468
91,0.003212024153999071,0.003406327279532576,0.02781183458864689,0.000808762307473096,0.0042989845,0.004668151,0.009420278,0.0063373074,0.0067154444,0.013905704,0.0012843594,0.0013023866,0.0026071991,0.0009274467,0.0009393272,0.0018786544
92,0.003179388366248042,0.003298045274660782,0.02688976190984249,0.0008045567009897723,0.004330806,0.004486494,0.00908531,0.0061918106,0.00666601,0.013724722,0.0012907732,0.0012243813,0.0024491192,0.0009041625,0.0008152957,0.0016306116
93,0.0031933064842679295,0.003354132288807744,0.02717924676835537,0.0008003165547104305,0.0042984555,0.0043653357,0.008816002,0.006260267,0.006762269,0.013784176,0.0012984575,0.0013346504,0.002670521,0.00091604656,0.00095427403,0.0019085481
94,0.00316588781075523,0.003309753076224639,0.02703503891825676,0.0007960423495103466,0.004310382,0.004395275,0.008901677,0.00619475,0.0065601855,0.0135653475,0.0012502102,0.0013038311,0.0026085605,0.0009082087,0.0009797219,0.0019594552
95,0.0031458049278332433,0.0033652461351578807,0.027509992942214012,0.0007917345701274206,0.0042817146,0.0044041974,0.008919388,0.0062024,0.006861502,0.014198053,0.0012393802,0.0014041222,0.0028102105,0.00085972494,0.0007911632,0.0015823407
96,0.003124477307875221,0.003362800249572586,0.027339156717061996,0.0007873937051072036,0.0042113108,0.0045300336,0.009168086,0.006155828,0.0069581536,0.0142423855,0.0012292627,0.0012220829,0.0024466456,0.0009015084,0.0007409309,0.0014820402
97,0.0031465892409124744,0.003485754338532194,0.028377659618854523,0.0007830202467474899,0.004260951,0.005074658,0.010227935,0.006190114,0.006739186,0.013890615,0.0012505146,0.0012268717,0.0024545086,0.0008847773,0.00090230093,0.0018046019
98,0.0031711790281750796,0.003607493876903742,0.029378671199083328,0.0007786146910424877,0.004329199,0.005181634,0.010501605,0.0061828936,0.0068702605,0.014118997,0.0012801442,0.0012424302,0.0024866136,0.0008924781,0.0011356514,0.002271454
99,0.003139183606919604,0.0034228163321518355,0.028117233887314796,0.0007741775376265669,0.004228577,0.0044339397,0.008981422,0.006156095,0.0071295067,0.014878022,0.0012487164,0.0012373978,0.0024767243,0.00092334603,0.00089042174,0.0017810669
100,0.003113373805586155,0.003442268114531407,0.02802952378988266,0.0007697092897175957,0.0042249295,0.0045950124,0.009302449,0.006101105,0.0069991774,0.01437417,0.0012326003,0.0013342467,0.0026709873,0.0008948605,0.00084063556,0.0016819185
101,0.0030919599934291233,0.003369590432361678,0.027513563632965088,0.0007652104540598712,0.0041864174,0.004285268,0.008689291,0.0060917293,0.0068419706,0.014119159,0.0012138436,0.0014663506,0.0029351662,0.0008758498,0.0008847733,0.0017699471
102,0.003101883044931048,0.003392311131760657,0.027713190764188766,0.0007606815408666492,0.0042306124,0.0045536296,0.009268971,0.006094284,0.0069318335,0.014273789,0.0012248376,0.0012929987,0.0025882479,0.0008577968,0.00079078303,0.0015821836
103,0.003075420467639052,0.0034535341666782045,0.02819586917757988,0.0007561230637622804,0.0042042993,0.0045421557,0.009233647,0.0060603507,0.0070393835,0.014492361,0.0012052043,0.0012312718,0.00246675,0.0008318274,0.001001326,0.00200311
104,0.003126087065352181,0.003664380418942184,0.03003745898604393,0.0007515355397239613,0.00418035,0.0044595376,0.0090584345,0.006091644,0.007481392,0.015541091,0.0012669321,0.0016757848,0.003355432,0.0009654223,0.0010408072,0.0020825008
105,0.003117891948881067,0.003241415671562334,0.026396770030260086,0.0007469194890231021,0.0041433433,0.0043448447,0.008787905,0.0061335596,0.0066499943,0.013665449,0.0012354914,0.001214556,0.00243057,0.00095917354,0.00075626705,0.0015128487
106,0.003032410049485316,0.0034302245802688854,0.027926906943321228,0.0007422754351663251,0.004084763,0.0042548357,0.008605314,0.0060103037,0.0071186377,0.014625267,0.001192221,0.0013881058,0.0027776177,0.0008423524,0.0009593185,0.0019187072
107,0.0030547881819093163,0.0032944797024082343,0.02680237777531147,0.0007376039048360913,0.0041004405,0.0043268763,0.008770744,0.0060857357,0.006605514,0.013539273,0.0011954341,0.0014520397,0.0029052845,0.00083754095,0.0007934894,0.0015870738
108,0.0030344013792088184,0.003270889384097777,0.026825852692127228,0.0007329054278309708,0.004097589,0.004344424,0.008800408,0.005995184,0.0066889445,0.01392174,0.001191471,0.0012051944,0.0024131732,0.0008533607,0.00084499427,0.0016905325
109,0.0030113980041134953,0.003435520632649297,0.027990855276584625,0.0007281805370055581,0.0041251923,0.004620717,0.009384855,0.0059750522,0.007038341,0.014438416,0.0011587294,0.0012293637,0.0024599603,0.0007866183,0.0008536608,0.0017076248
110,0.003042581297958673,0.0034230134974758664,0.02784036099910736,0.0007234297682100403,0.0041144714,0.0043194983,0.008759951,0.005969075,0.006720405,0.013774861,0.0012297455,0.0014622968,0.0029258358,0.0008570351,0.0011898538,0.0023797133
111,0.0030290640056121164,0.003861895751057042,0.031660910695791245,0.0007186536602294277,0.0040861447,0.005075666,0.010304034,0.0059799775,0.007923365,0.016458428,0.0011931764,0.0012900572,0.0025811482,0.000856956,0.001158495,0.0023173029
112,0.003053817144258572,0.003440094533776333,0.02797790989279747,0.0007138527547224484,0.0040965737,0.004343355,0.008805212,0.0060117124,0.0070082704,0.01435469,0.001214298,0.0014953291,0.00299113,0.0008926837,0.00091342477,0.0018268764
113,0.0029607589748464436,0.0033411389769607775,0.027395999059081078,0.0007090275961601203,0.0040027597,0.004320195,0.008762414,0.0058689527,0.006770633,0.0140828295,0.0011653102,0.0012995625,0.0026023907,0.0008060117,0.0009741655,0.0019483665
114,0.002975435232073851,0.003417819510405143,0.02786356769502163,0.0007041787317640014,0.0040326896,0.004427487,0.008945762,0.0058809496,0.006856211,0.014139535,0.0011729944,0.0014267695,0.0028566134,0.00081510673,0.0009608109,0.0019216582
115,0.0030082481920310814,0.003432461205968732,0.028035864233970642,0.0006993067114441303,0.004037138,0.0047066356,0.009486961,0.005878921,0.0066777165,0.01385705,0.0011971926,0.001206795,0.0024144568,0.0009197413,0.0011386982,0.0022773964
116,0.002968599626162634,0.0033110079204046483,0.02702416107058525,0.0006944120877366603,0.0040212516,0.004619851,0.009358698,0.0058694375,0.0066131935,0.01364027,0.0011849448,0.0012325853,0.0024683094,0.0007987634,0.00077840185,0.001556885
117,0.0029510151824710565,0.003562130678251192,0.029161440208554268,0.0006894954157411966,0.0040075476,0.0044392315,0.008968255,0.0058518955,0.007608873,0.015790816,0.0011631184,0.0012811924,0.0025638356,0.00078149914,0.000919226,0.0018385338
118,0.002950398840908547,0.0033821192267980125,0.02769746631383896,0.0006845572530578421,0.003983051,0.004351879,0.008832605,0.0058723493,0.0070565143,0.014620662,0.0011553778,0.0012717446,0.0025472809,0.00079081627,0.0008483393,0.00169692
119,0.002941355869789065,0.0033344680852665973,0.027315249666571617,0.0006795981597239599,0.0039738948,0.00445039,0.009020891,0.0058379294,0.0068180766,0.014150778,0.001152034,0.0012232588,0.0024497693,0.0008015656,0.0008461469,0.0016938109
120,0.002947265431464162,0.0033215434778504096,0.02725098840892315,0.0006746186981506599,0.0039818115,0.0043956395,0.008970615,0.0058699246,0.0065788934,0.013652309,0.001167276,0.0013878563,0.0027802475,0.0007700508,0.00092378515,0.0018478172
121,0.0029199256356307367,0.0032339325749424397,0.026493413373827934,0.0006696194330590151,0.0039468086,0.0042695287,0.008657701,0.005812806,0.0066842493,0.013868786,0.0011356421,0.0012444686,0.002491827,0.00078444666,0.0007374836,0.0014750989
122,0.0029056320940371925,0.003260010870190354,0.02661162242293358,0.0006646009314160173,0.003908932,0.0043096268,0.008672069,0.005829221,0.0065935045,0.013664713,0.0011228195,0.0012223163,0.0024456496,0.0007615557,0.0009145962,0.0018291924
123,0.0028941626193584105,0.0033953984030750807,0.027764854952692986,0.0006595637623702762,0.0039236615,0.0043109655,0.00873986,0.005737616,0.0069179027,0.014314937,0.0011419932,0.0013033709,0.002611113,0.00077338004,0.001049354,0.0020989436
124,0.002880519730771218,0.0032857478604660377,0.02677599899470806,0.0006545084971874737,0.003913211,0.0045338073,0.009181201,0.0057743806,0.0065988335,0.013573104,0.0011016303,0.0012012877,0.0024035694,0.00073285605,0.00080906285,0.0016181257
125,0.0028794411575944795,0.003254888375505089,0.0266508050262928,0.0006494357091855752,0.003919215,0.0042324876,0.008565716,0.005721023,0.006720265,0.013950914,0.0011331711,0.0013031856,0.0026069412,0.0007443556,0.0007636159,0.001527233
126,0.002878060200669634,0.003259381876039031,0.02681567892432213,0.0006443459736698106,0.0038738817,0.004296297,0.00872846,0.0057078763,0.0067710723,0.014146368,0.0011260739,0.0012154805,0.0024314946,0.0008044092,0.0007546777,0.0015093554
127,0.0028792326190411007,0.0034111036691121064,0.027931734919548035,0.0006392398678674281,0.0039025755,0.004487381,0.009096151,0.0057053436,0.0067543364,0.014027498,0.0011295788,0.0012575112,0.002517564,0.00077943323,0.001145186,0.0022905224
128,0.0028483283082683256,0.003491547417214459,0.02864445559680462,0.0006341179708622314,0.0038521704,0.004227352,0.008561507,0.005648629,0.00766766,0.015940009,0.0011128042,0.0012018983,0.0024043662,0.0007797096,0.0008692794,0.0017385742
129,0.0028490616100595944,0.003290651148526339,0.02694857306778431,0.0006289808635289059,0.003836036,0.004421663,0.0089707505,0.005625299,0.0066503584,0.013796238,0.001153749,0.0012888993,0.002578191,0.00078116177,0.00080168364,0.0016033925
130,0.0028313279603900702,0.0033467919177919236,0.027344219386577606,0.0006238291284671409,0.003865828,0.0043602525,0.008855259,0.0056268987,0.007026336,0.014485259,0.0010932585,0.001223764,0.00245007,0.0007393257,0.00077681436,0.0015536326
131,0.0028250106787112332,0.003303193375822511,0.027168244123458862,0.0006186633499355575,0.0038175075,0.004347894,0.0088347625,0.005639927,0.0068805437,0.014364578,0.0010934476,0.0011995403,0.0023993114,0.000749161,0.0007847956,0.0015695912
132,0.002812040949260348,0.003301470990929458,0.02708747610449791,0.0006134841137854475,0.0038451725,0.0043074205,0.008720426,0.0055774963,0.006896012,0.0143609615,0.0010910975,0.0012530586,0.0025071653,0.00073439896,0.0007493934,0.0014989236
133,0.0028312222402912517,0.003437068566187724,0.02823127992451191,0.0006082920073943327,0.0038155136,0.0047528655,0.009626983,0.0056438847,0.0069244592,0.014460743,0.0011210867,0.0012314199,0.0024644732,0.00074440293,0.0008395296,0.0016790802
134,0.002836504551882236,0.003431470895296073,0.02825349196791649,0.0006030876195993491,0.0037874393,0.0044760634,0.009071123,0.005547781,0.0071748034,0.015028244,0.0011462137,0.0012454641,0.002494084,0.0008645836,0.00082955195,0.0016600415
135,0.0027920788799331883,0.003592000665558918,0.029742026701569557,0.0005978715406304681,0.0037909842,0.0043356097,0.008788638,0.005510023,0.008091238,0.01706783,0.0010906972,0.0012061385,0.0024149327,0.0007766129,0.0007350167,0.0014706266
136,0.002795429778836017,0.0033242479027775643,0.02731051668524742,0.0005926443620435573,0.0038169217,0.004307511,0.008733711,0.0055686696,0.006834304,0.014265402,0.0010772953,0.0012556699,0.0025123737,0.00071883184,0.00089950743,0.0017990298
137,0.002770003534527769,0.0033698797168618478,0.027705544605851173,0.0005874066766532931,0.0037876011,0.0047286134,0.009594773,0.005484345,0.0066895816,0.013984496,0.00107996,0.0013161097,0.0026353258,0.0007281092,0.0007452147,0.0014909485
138,0.0027630937119966603,0.0033397348957029996,0.027401115745306015,0.0005821590784659298,0.0037874733,0.0043665078,0.008873492,0.0054836255,0.0069334325,0.01440555,0.001061201,0.0012360697,0.0024747597,0.00072007434,0.0008229294,0.0016473159
139,0.002762396708494007,0.003769081450245521,0.03094165399670601,0.0005769021626119314,0.0037742024,0.004708644,0.009531993,0.0054709017,0.0069706305,0.014613536,0.0010781828,0.0017081748,0.0034183704,0.0007263007,0.0016888767,0.0033777533
140,0.0027958575589297143,0.0033626932546858106,0.027622824534773827,0.00057163652527848,0.0037967926,0.0043643056,0.008846402,0.005480723,0.0068362597,0.01427479,0.0011209458,0.0014161078,0.0028333904,0.000784968,0.0008340997,0.0016682413
141,0.0027337406205199402,0.003370920736044347,0.02767321467399597,0.0005663627636418612,0.003715386,0.0043659047,0.008841035,0.005439274,0.0069754813,0.014544883,0.0010594059,0.001294515,0.0025916444,0.00072089705,0.0008477823,0.0016956518
142,0.002718654240881625,0.003468277918648448,0.028622712939977646,0.0005610814757997377,0.003699034,0.004348888,0.008816496,0.0053705424,0.007141896,0.015038722,0.0010758173,0.0014686349,0.0029400815,0.00072922243,0.00091369293,0.0018274157
143,0.002725499908161268,0.0033654494167261713,0.027675144374370575,0.0005557932607033206,0.0036885294,0.0043154354,0.0087389415,0.0054365913,0.007100192,0.014841461,0.0010578556,0.0011910113,0.002383792,0.00071902334,0.0008551595,0.0017109498
144,0.0026821277587846947,0.0035110692971864264,0.02888626791536808,0.0005504987180894411,0.0036627213,0.004310518,0.008743462,0.0053149774,0.0074078343,0.015489467,0.0010426491,0.001268355,0.002538056,0.00070816255,0.0010575694,0.0021152806
145,0.0027297754263627093,0.0034334180008683416,0.0281770508736372,0.0005451984484125341,0.0036590088,0.0044153403,0.008959909,0.00539627,0.0068417555,0.014261393,0.001078537,0.0012270425,0.0024566771,0.0007852852,0.0012495336,0.0024990723
146,0.002681829523551362,0.0033386195265409256,0.027446798980236053,0.0005398930527765415,0.0036231857,0.0042695575,0.008669622,0.005318093,0.0068005454,0.014203871,0.0010592517,0.0013960409,0.0027960227,0.000726788,0.00088833435,0.0017772847
147,0.0026728557586562134,0.0034164819611447145,0.028218228369951248,0.0005345831328667408,0.0036651287,0.0043266937,0.008775751,0.005287604,0.0071298494,0.015021905,0.0010434083,0.0011707263,0.0023432479,0.00069528195,0.0010386587,0.0020773218
148,0.002667522440965832,0.003324092702158877,0.027384798973798752,0.0005292692908815069,0.0036396878,0.004393683,0.008884733,0.005287912,0.006928173,0.014548165,0.0010368794,0.0012289056,0.0024600846,0.00070561137,0.0007456093,0.0014918167
149,0.0026544915113531527,0.0034252029481447407,0.028119901195168495,0.0005239521294640184,0.0036385367,0.004504632,0.009120296,0.0052606193,0.007010595,0.014624427,0.0010381672,0.0012456983,0.0024944795,0.0006806437,0.0009398862,0.0018806992
150,0.0026523880378611234,0.0033495845348649736,0.027754852548241615,0.0005186322516339107,0.003634097,0.00438064,0.0088906,0.0052350033,0.007097683,0.015022104,0.0010370392,0.0011929577,0.0023878152,0.0007034125,0.00072705734,0.0014543333
151,0.002655637869832544,0.003405089562178941,0.028056185692548752,0.0005133102607188875,0.003656174,0.0042987554,0.008710528,0.0052084085,0.0072258133,0.015151929,0.001056109,0.0012039989,0.002410042,0.0007018599,0.0008917905,0.0017836883
152,0.002624004803184239,0.0034305273199097827,0.028356369584798813,0.0005079867602862976,0.0035790906,0.004366329,0.008861873,0.005216507,0.0072555444,0.015291358,0.0010250761,0.0012284432,0.0024595065,0.00067534554,0.00087179313,0.0017436293
153,0.002598674073246146,0.003486362175020325,0.028834162279963493,0.0005026623540746841,0.003575795,0.0044346536,0.009033398,0.005150396,0.0072690127,0.0153125,0.0010087629,0.0013523672,0.002708901,0.0006597438,0.0008894154,0.0017793651
154,0.0026002206034127727,0.003291738169030981,0.02722681500017643,0.0004973376459253158,0.003563944,0.00430013,0.008746558,0.0051602507,0.0069629373,0.014668949,0.0010120355,0.0011811062,0.0023653505,0.0006646528,0.0007227793,0.0014459589
155,0.002589535742819797,0.003489505307417031,0.028764354065060616,0.0004920132397137026,0.00356106,0.004333404,0.008803118,0.0051508215,0.0072363387,0.015182103,0.0009968617,0.0015116637,0.003025902,0.00064940064,0.0008766149,0.0017532299
